tag_id_long,date,watershed,site,species
989.001038745382,2021-04-12,englishman,martindale rd,co
989.001038745369,2021-04-12,englishman,martindale rd,co
989.001038745364,2021-04-14,englishman,martindale rd,rbt
989.001038745329,2021-04-14,englishman,martindale rd,co
989.001038745377,2021-04-14,englishman,martindale rd,rbt
989.001038745338,2021-04-14,englishman,martindale rd,co
989.001038745347,2021-04-14,englishman,martindale rd,co
989.001038745322,2021-04-14,englishman,martindale rd,co
989.001038745344,2021-04-14,englishman,martindale rd,co
989.001038745315,2021-04-14,englishman,martindale rd,rbt
989.001038745387,2021-04-14,englishman,martindale rd,co
989.001038745290,2021-04-14,englishman,martindale rd,rbt
989.001038745386,2021-04-14,englishman,martindale rd,rbt
989.001038745362,2021-04-14,englishman,martindale rd,co
989.001038745297,2021-04-14,englishman,martindale rd,rbt
989.001038745375,2021-04-14,englishman,martindale rd,rbt
989.001038745324,2021-04-15,englishman,martindale rd,co
989.001038745327,2021-04-15,englishman,martindale rd,co
989.001038745367,2021-04-15,englishman,martindale rd,co
989.001038745317,2021-04-15,englishman,martindale rd,co
989.001038745312,2021-04-15,englishman,martindale rd,co
989.001038745370,2021-04-15,englishman,martindale rd,co
989.001038745318,2021-04-15,englishman,martindale rd,co
989.001038745378,2021-04-15,englishman,martindale rd,co
989.001038745383,2021-04-15,englishman,martindale rd,co
989.001038745363,2021-04-15,englishman,martindale rd,co
989.001038745301,2021-04-15,englishman,martindale rd,co
989.001038745380,2021-04-15,englishman,martindale rd,co
989.001038745309,2021-04-15,englishman,martindale rd,co
989.001038745358,2021-04-15,englishman,martindale rd,rbt
989.001038745341,2021-04-15,englishman,martindale rd,co
989.001038745334,2021-04-15,englishman,martindale rd,co
989.001038745314,2021-04-15,englishman,martindale rd,co
989.001038745292,2021-04-15,englishman,martindale rd,co
989.001038745293,2021-04-15,englishman,martindale rd,co
989.001038745311,2021-04-15,englishman,martindale rd,co
989.0010387453719,2021-04-15,englishman,martindale rd,co
989.001038745384,2021-04-16,englishman,martindale rd,co
989.001038745326,2021-04-16,englishman,martindale rd,co
989.001038745357,2021-04-16,englishman,martindale rd,co
989.001038745340,2021-04-16,englishman,martindale rd,co
989.001038745323,2021-04-16,englishman,martindale rd,co
989.001038745348,2021-04-16,englishman,martindale rd,co
989.001038745343,2021-04-16,englishman,martindale rd,co
989.001038745349,2021-04-16,englishman,martindale rd,co
989.001038745346,2021-04-16,englishman,martindale rd,co
989.001038745345,2021-04-16,englishman,martindale rd,co
989.001038745287,2021-04-16,englishman,martindale rd,co
989.001038745294,2021-04-16,englishman,martindale rd,co
989.001038745336,2021-04-16,englishman,martindale rd,co
989.001038745335,2021-04-16,englishman,martindale rd,co
989.001038745353,2021-04-16,englishman,martindale rd,co
989.001038745319,2021-04-16,englishman,martindale rd,co
989.001038745355,2021-04-16,englishman,martindale rd,co
989.001038745289,2021-04-16,englishman,martindale rd,co
989.001038745368,2021-04-16,englishman,martindale rd,co
989.001038745320,2021-04-16,englishman,martindale rd,co
989.001038745304,2021-04-16,englishman,martindale rd,co
989.001038745354,2021-04-16,englishman,martindale rd,rbt
989.001038745373,2021-04-16,englishman,martindale rd,co
989.001038745350,2021-04-16,englishman,martindale rd,rbt
989.001038745302,2021-04-16,englishman,martindale rd,co
989.001038745376,2021-04-16,englishman,martindale rd,rbt
989.001038745296,2021-04-16,englishman,martindale rd,co
989.001038745313,2021-04-16,englishman,martindale rd,rbt
989.001038745352,2021-04-16,englishman,martindale rd,co
989.001038745351,2021-04-16,englishman,martindale rd,rbt
989.001038745332,2021-04-16,englishman,martindale rd,rbt
989.001038745339,2021-04-18,englishman,martindale rd,co
989.001038745389,2021-04-18,englishman,martindale rd,co
989.001038745333,2021-04-18,englishman,martindale rd,co
989.001038745361,2021-04-18,englishman,martindale rd,co
989.001038745308,2021-04-18,englishman,martindale rd,co
989.001038745371,2021-04-18,englishman,martindale rd,co
989.001038745366,2021-04-18,englishman,martindale rd,co
989.001038745388,2021-04-18,englishman,martindale rd,co
989.001038745374,2021-04-18,englishman,martindale rd,co
989.001038745306,2021-04-18,englishman,martindale rd,co
989.001038745303,2021-04-18,englishman,martindale rd,co
989.001038745342,2021-04-18,englishman,martindale rd,co
989.001038745359,2021-04-18,englishman,martindale rd,co
989.001038745379,2021-04-18,englishman,martindale rd,rbt
989.001038745288,2021-04-18,englishman,martindale rd,rbt
989.001038745321,2021-04-18,englishman,martindale rd,co
989.001038745337,2021-04-18,englishman,martindale rd,co
989.001038745316,2021-04-18,englishman,martindale rd,co
989.001038745331,2021-04-18,englishman,martindale rd,co
989.001038745295,2021-04-18,englishman,martindale rd,co
989.001038745365,2021-04-18,englishman,martindale rd,co
989.001038745298,2021-04-18,englishman,martindale rd,co
989.001038745305,2021-04-18,englishman,martindale rd,co
989.001038745360,2021-04-18,englishman,martindale rd,co
989.001038745300,2021-04-18,englishman,martindale rd,co
989.001038745291,2021-04-18,englishman,martindale rd,co
989.001038746296,2021-04-18,englishman,martindale rd,co
989.001038746327,2021-04-18,englishman,martindale rd,co
989.001038746378,2021-04-18,englishman,martindale rd,co
989.001038746330,2021-04-18,englishman,martindale rd,rbt
989.001038746340,2021-04-18,englishman,martindale rd,co
989.001038746353,2021-04-18,englishman,martindale rd,rbt
989.001038746367,2021-04-18,englishman,martindale rd,co
989.001038746315,2021-04-18,englishman,martindale rd,rbt
989.001038746348,2021-04-18,englishman,martindale rd,co
989.001038746377,2021-04-18,englishman,martindale rd,co
989.001038746393,2021-04-18,englishman,martindale rd,co
989.001038746381,2021-04-18,englishman,martindale rd,co
989.001038746368,2021-04-18,englishman,martindale rd,co
989.001038746318,2021-04-18,englishman,martindale rd,co
989.001038746385,2021-04-18,englishman,martindale rd,co
989.001038746343,2021-04-18,englishman,martindale rd,co
989.001038746373,2021-04-18,englishman,martindale rd,co
989.001038746358,2021-04-18,englishman,martindale rd,co
989.001038746309,2021-04-18,englishman,martindale rd,co
989.001038746325,2021-04-18,englishman,martindale rd,co
989.001038746355,2021-04-18,englishman,martindale rd,co
989.001038746310,2021-04-18,englishman,martindale rd,co
989.001038746352,2021-04-18,englishman,martindale rd,co
989.001038746386,2021-04-18,englishman,martindale rd,co
989.001038746335,2021-04-18,englishman,martindale rd,co
989.001038746304,2021-04-18,englishman,martindale rd,co
989.001038746333,2021-04-18,englishman,martindale rd,rbt
989.001038746307,2021-04-18,englishman,martindale rd,co
989.001038746356,2021-04-18,englishman,martindale rd,co
989.001038746322,2021-04-18,englishman,martindale rd,co
989.001038746323,2021-04-18,englishman,martindale rd,co
989.001038746344,2021-04-18,englishman,martindale rd,co
989.001038746361,2021-04-18,englishman,martindale rd,co
989.001038746319,2021-04-20,englishman,martindale rd,co
989.001038746303,2021-04-20,englishman,martindale rd,co
989.001038746370,2021-04-20,englishman,martindale rd,co
989.001038746354,2021-04-20,englishman,martindale rd,co
989.001038746321,2021-04-20,englishman,martindale rd,co
989.001038746300,2021-04-20,englishman,martindale rd,co
989.001038744371,2021-04-20,englishman,martindale rd,co
989.001038744324,2021-04-20,englishman,center creek,co
989.001038746331,2021-04-20,englishman,martindale rd,co
989.001038746351,2021-04-20,englishman,martindale rd,co
989.001038746308,2021-04-20,englishman,martindale rd,co
989.001038746339,2021-04-20,englishman,martindale rd,co
989.001038746312,2021-04-20,englishman,martindale rd,co
989.001038744281,2021-04-20,englishman,center creek,co
989.001038744329,2021-04-20,englishman,martindale rd,co
989.001038744310,2021-04-20,englishman,martindale rd,co
989.001038744348,2021-04-20,englishman,center creek,co
989.001038746334,2021-04-20,englishman,martindale rd,co
989.001038744342,2021-04-20,englishman,martindale rd,co
989.001038746295,2021-04-20,englishman,martindale rd,co
989.001038746366,2021-04-20,englishman,martindale rd,co
989.001038744318,2021-04-20,englishman,martindale rd,co
989.001038746336,2021-04-20,englishman,martindale rd,co
989.001038744283,2021-04-20,englishman,martindale rd,co
989.001038746301,2021-04-20,englishman,martindale rd,co
989.001038744303,2021-04-20,englishman,martindale rd,co
989.001038746311,2021-04-20,englishman,martindale rd,co
989.001038744316,2021-04-20,englishman,martindale rd,co
989.001038746338,2021-04-20,englishman,martindale rd,co
989.001038744326,2021-04-20,englishman,martindale rd,co
989.001038746306,2021-04-20,englishman,martindale rd,co
989.001038746297,2021-04-20,englishman,martindale rd,co
989.001038744338,2021-04-20,englishman,martindale rd,co
989.001038744293,2021-04-20,englishman,martindale rd,co
989.001038744351,2021-04-20,englishman,martindale rd,co
989.001038746359,2021-04-20,englishman,martindale rd,co
989.001038746391,2021-04-20,englishman,martindale rd,co
989.001038746314,2021-04-20,englishman,martindale rd,co
989.001038746329,2021-04-20,englishman,martindale rd,co
989.001038746376,2021-04-20,englishman,martindale rd,co
989.001038746383,2021-04-20,englishman,martindale rd,co
989.001038744284,2021-04-20,englishman,center creek,co
989.001038744341,2021-04-20,englishman,center creek,co
989.001038744350,2021-04-20,englishman,center creek,co
989.001038746392,2021-04-20,englishman,martindale rd,co
989.001038746350,2021-04-20,englishman,martindale rd,co
989.001038744336,2021-04-20,englishman,center creek,co
989.001038744367,2021-04-20,englishman,center creek,ct
989.001038746347,2021-04-20,englishman,martindale rd,co
989.001038744328,2021-04-20,englishman,martindale rd,co
989.001038744337,2021-04-20,englishman,center creek,co
989.001038746337,2021-04-20,englishman,martindale rd,co
989.001038744361,2021-04-20,englishman,center creek,co
989.001038744354,2021-04-20,englishman,center creek,rbt
989.001038746320,2021-04-20,englishman,martindale rd,co
989.001038744369,2021-04-20,englishman,center creek,co
989.001038744313,2021-04-20,englishman,center creek,co
989.001038744285,2021-04-20,englishman,center creek,co
989.001038744330,2021-04-20,englishman,martindale rd,co
989.001038746360,2021-04-20,englishman,martindale rd,co
989.001038746365,2021-04-20,englishman,martindale rd,co
989.001038744346,2021-04-20,englishman,center creek,co
989.001038746302,2021-04-20,englishman,martindale rd,co
989.001038744286,2021-04-20,englishman,center creek,rbt
989.001038744332,2021-04-20,englishman,center creek,rbt
989.001038744372,2021-04-20,englishman,center creek,co
989.001038744294,2021-04-20,englishman,center creek,rbt
989.001038746371,2021-04-20,englishman,martindale rd,co
989.001038746390,2021-04-20,englishman,martindale rd,co
989.001038744344,2021-04-20,englishman,center creek,co
989.001038746324,2021-04-20,englishman,martindale rd,co
989.001038746380,2021-04-20,englishman,martindale rd,co
989.001038744315,2021-04-20,englishman,center creek,co
989.001038744308,2021-04-20,englishman,center creek,rbt
989.001038744325,2021-04-20,englishman,center creek,ct
989.001038744375,2021-04-20,englishman,martindale rd,co
989.001038744319,2021-04-20,englishman,martindale rd,co
989.001038746387,2021-04-20,englishman,martindale rd,co
989.001038744368,2021-04-20,englishman,martindale rd,co
989.001038746332,2021-04-20,englishman,martindale rd,co
989.001038744299,2021-04-20,englishman,martindale rd,co
989.001038746375,2021-04-20,englishman,martindale rd,co
989.001038746384,2021-04-20,englishman,martindale rd,co
989.001038744365,2021-04-20,englishman,center creek,co
989.001038744345,2021-04-20,englishman,center creek,co
989.001038744311,2021-04-20,englishman,center creek,co
989.001038744363,2021-04-20,englishman,center creek,rbt
989.001038744309,2021-04-20,englishman,center creek,co
989.001038746341,2021-04-20,englishman,martindale rd,co
989.001038746326,2021-04-20,englishman,martindale rd,co
989.001038744340,2021-04-20,englishman,center creek,co
989.001038746342,2021-04-20,englishman,martindale rd,co
989.001038744352,2021-04-20,englishman,center creek,rbt
989.001038744353,2021-04-20,englishman,center creek,co
989.001038746382,2021-04-20,englishman,martindale rd,co
989.001038746345,2021-04-20,englishman,martindale rd,co
989.001038746305,2021-04-20,englishman,martindale rd,co
989.001038744370,2021-04-20,englishman,center creek,co
989.001038746357,2021-04-20,englishman,martindale rd,co
989.001038746364,2021-04-20,englishman,martindale rd,co
989.001038744360,2021-04-20,englishman,center creek,co
989.001038744362,2021-04-20,englishman,center creek,rbt
989.001038744312,2021-04-20,englishman,center creek,co
989.001038744301,2021-04-20,englishman,center creek,ct
989.001038744304,2021-04-20,englishman,center creek,co
989.001038744364,2021-04-20,englishman,center creek,rbt
989.001038746388,2021-04-20,englishman,martindale rd,co
989.001038746362,2021-04-20,englishman,martindale rd,co
989.001038744305,2021-04-20,englishman,martindale rd,co
989.001038744314,2021-04-20,englishman,center creek,co
989.001038744306,2021-04-20,englishman,center creek,co
989.001038746374,2021-04-20,englishman,martindale rd,co
989.001038746313,2021-04-20,englishman,martindale rd,co
989.001038746328,2021-04-20,englishman,martindale rd,co
989.001038744339,2021-04-20,englishman,center creek,rbt
989.001038744359,2021-04-20,englishman,center creek,rbt
989.001038746298,2021-04-20,englishman,martindale rd,co
989.001038744333,2021-04-20,englishman,center creek,rbt
989.001038744322,2021-04-20,englishman,center creek,rbt
989.001038744355,2021-04-20,englishman,center creek,rbt
989.001038746346,2021-04-20,englishman,martindale rd,co
989.001038744292,2021-04-20,englishman,center creek,rbt
989.001038744349,2021-04-20,englishman,center creek,rbt
989.001038746389,2021-04-20,englishman,martindale rd,co
989.001038746363,2021-04-20,englishman,martindale rd,co
989.001038744327,2021-04-20,englishman,center creek,rbt
989.001038744376,2021-04-20,englishman,center creek,rbt
989.001038744280,2021-04-20,englishman,center creek,rbt
989.001038744300,2021-04-20,englishman,center creek,rbt
989.001038744279,2021-04-20,englishman,center creek,rbt
989.001038744289,2021-04-20,englishman,center creek,rbt
989.001038744295,2021-04-20,englishman,martindale rd,co
989.001038744317,2021-04-20,englishman,center creek,rbt
989.001038744321,2021-04-20,englishman,center creek,rbt
989.001038744358,2021-04-20,englishman,center creek,rbt
989.001038746379,2021-04-20,englishman,martindale rd,co
989.001038746316,2021-04-20,englishman,martindale rd,co
989.001038744291,2021-04-20,englishman,center creek,rbt
989.001038744290,2021-04-20,englishman,center creek,rbt
989.001038746372,2021-04-20,englishman,martindale rd,co
989.001038744356,2021-04-20,englishman,center creek,rbt
989.001038746299,2021-04-20,englishman,martindale rd,co
989.001038746394,2021-04-20,englishman,martindale rd,co
989.001038744278,2021-04-20,englishman,center creek,rbt
989.001038744347,2021-04-20,englishman,center creek,rbt
989.001038744288,2021-04-20,englishman,center creek,rbt
989.001038746349,2021-04-20,englishman,martindale rd,co
989.001038744302,2021-04-20,englishman,center creek,rbt
989.001038746369,2021-04-20,englishman,martindale rd,co
989.001038746317,2021-04-20,englishman,martindale rd,co
989.001038744357,2021-04-20,englishman,martindale rd,co
989.001038744287,2021-04-20,englishman,center creek,rbt
989.001038744335,2021-04-20,englishman,martindale rd,rbt
989.001038744343,2021-04-20,englishman,martindale rd,co
989.001038744282,2021-04-20,englishman,martindale rd,co
989.001038744296,2021-04-20,englishman,center creek,rbt
989.001038745461,2021-04-22,englishman,martindale rd,co
989.001038744298,2021-04-22,englishman,martindale rd,co
989.001038745459,2021-04-22,englishman,martindale rd,co
989.001038745447,2021-04-22,englishman,martindale rd,co
989.001038744373,2021-04-22,englishman,martindale rd,co
989.001038745408,2021-04-22,englishman,martindale rd,co
989.001038745436,2021-04-22,englishman,martindale rd,co
989.001038744320,2021-04-22,englishman,martindale rd,co
989.001038745438,2021-04-22,englishman,martindale rd,co
989.001038745479,2021-04-22,englishman,martindale rd,co
989.001038745465,2021-04-22,englishman,martindale rd,co
989.001038745454,2021-04-22,englishman,martindale rd,co
989.001038745464,2021-04-22,englishman,martindale rd,co
989.001038744297,2021-04-22,englishman,martindale rd,co
989.001038745489,2021-04-22,englishman,martindale rd,co
989.001038745450,2021-04-22,englishman,martindale rd,co
989.001038745470,2021-04-22,englishman,martindale rd,co
989.001038744377,2021-04-22,englishman,martindale rd,co
989.001038744307,2021-04-22,englishman,martindale rd,co
989.001038745484,2021-04-22,englishman,martindale rd,co
989.001038744334,2021-04-22,englishman,martindale rd,co
989.001038744331,2021-04-22,englishman,martindale rd,co
989.001038745392,2021-04-22,englishman,martindale rd,co
989.001038744374,2021-04-22,englishman,martindale rd,co
989.001038744323,2021-04-22,englishman,martindale rd,co
989.001038745403,2021-04-22,englishman,martindale rd,co
989.001038745415,2021-04-22,englishman,martindale rd,co
989.001038745431,2021-04-22,englishman,martindale rd,co
989.001038744366,2021-04-22,englishman,martindale rd,co
989.001038745468,2021-04-22,englishman,martindale rd,co
989.001038745411,2021-04-22,englishman,martindale rd,co
989.001038745423,2021-04-22,englishman,martindale rd,co
989.001038745398,2021-04-22,englishman,martindale rd,co
989.001038745414,2021-04-22,englishman,martindale rd,co
989.001038745486,2021-04-22,englishman,martindale rd,co
989.001038745488,2021-04-22,englishman,martindale rd,co
989.001038745393,2021-04-22,englishman,martindale rd,co
989.001038745433,2021-04-22,englishman,martindale rd,co
989.001038745397,2021-04-22,englishman,martindale rd,co
989.001038745396,2021-04-22,englishman,martindale rd,co
989.001038745463,2021-04-22,englishman,martindale rd,co
989.001038745466,2021-04-22,englishman,martindale rd,co
989.001038745460,2021-04-22,englishman,martindale rd,co
989.001038745477,2021-04-22,englishman,martindale rd,co
989.001038745777,2021-04-23,englishman,center creek,co
989.001038745772,2021-04-23,englishman,center creek,co
989.001038745770,2021-04-23,englishman,center creek,co
989.001038745749,2021-04-23,englishman,center creek,co
989.001038745774,2021-04-23,englishman,martindale rd,co
989.001038745706,2021-04-23,englishman,center creek,co
989.001038745418,2021-04-23,englishman,center creek,rbt
989.001038745728,2021-04-23,englishman,martindale rd,co
989.001038745737,2021-04-23,englishman,martindale rd,co
989.001038745754,2021-04-23,englishman,martindale rd,co
989.001038745789,2021-04-23,englishman,center creek,co
989.001038745751,2021-04-23,englishman,center creek,ct
989.001038745715,2021-04-23,englishman,martindale rd,co
989.001038745755,2021-04-23,englishman,martindale rd,co
989.001038745696,2021-04-23,englishman,center creek,co
989.001038745720,2021-04-23,englishman,center creek,co
989.001038745781,2021-04-23,englishman,martindale rd,co
989.001038745719,2021-04-23,englishman,center creek,co
989.001038745761,2021-04-23,englishman,martindale rd,co
989.001038745782,2021-04-23,englishman,martindale rd,co
989.001038745732,2021-04-23,englishman,martindale rd,co
989.001038745698,2021-04-23,englishman,martindale rd,co
989.001038745474,2021-04-23,englishman,center creek,rbt
989.001038745721,2021-04-23,englishman,center creek,rbt
989.001038745691,2021-04-23,englishman,center creek,co
989.001038745729,2021-04-23,englishman,center creek,rbt
989.001038745733,2021-04-23,englishman,center creek,co
989.001038745725,2021-04-23,englishman,center creek,co
989.001038745778,2021-04-23,englishman,center creek,rbt
989.001038745722,2021-04-23,englishman,center creek,co
989.001038745779,2021-04-23,englishman,martindale rd,co
989.001038745707,2021-04-23,englishman,center creek,co
989.001038745704,2021-04-23,englishman,center creek,co
989.001038745480,2021-04-23,englishman,center creek,rbt
989.001038745724,2021-04-23,englishman,center creek,co
989.001038745766,2021-04-23,englishman,center creek,rbt
989.001038745471,2021-04-23,englishman,center creek,rbt
989.001038745405,2021-04-23,englishman,center creek,co
989.001038745692,2021-04-23,englishman,martindale rd,co
989.001038745695,2021-04-23,englishman,martindale rd,co
989.001038745444,2021-04-23,englishman,center creek,co
989.001038745428,2021-04-23,englishman,center creek,co
989.001038745702,2021-04-23,englishman,martindale rd,co
989.001038745745,2021-04-23,englishman,martindale rd,co
989.001038745703,2021-04-23,englishman,martindale rd,co
989.001038745768,2021-04-23,englishman,martindale rd,co
989.001038745717,2021-04-23,englishman,martindale rd,co
989.001038745773,2021-04-23,englishman,martindale rd,co
989.001038745786,2021-04-23,englishman,martindale rd,co
989.001038745765,2021-04-23,englishman,martindale rd,co
989.001038745750,2021-04-23,englishman,martindale rd,co
989.001038745481,2021-04-23,englishman,center creek,co
989.001038745734,2021-04-23,englishman,martindale rd,co
989.001038745694,2021-04-23,englishman,martindale rd,co
989.001038745739,2021-04-23,englishman,martindale rd,co
989.001038745742,2021-04-23,englishman,martindale rd,co
989.001038745730,2021-04-23,englishman,martindale rd,co
989.001038745445,2021-04-23,englishman,center creek,co
989.001038745788,2021-04-23,englishman,martindale rd,co
989.001038745757,2021-04-23,englishman,martindale rd,co
989.001038745741,2021-04-23,englishman,martindale rd,co
989.001038745760,2021-04-23,englishman,martindale rd,co
989.001038745424,2021-04-23,englishman,center creek,co
989.001038745711,2021-04-23,englishman,martindale rd,co
989.001038745723,2021-04-23,englishman,martindale rd,co
989.001038745413,2021-04-23,englishman,center creek,co
989.001038745756,2021-04-23,englishman,martindale rd,co
989.001038745448,2021-04-23,englishman,center creek,co
989.001038745714,2021-04-23,englishman,martindale rd,co
989.001038745487,2021-04-23,englishman,center creek,co
989.001038745485,2021-04-23,englishman,center creek,co
989.001038745759,2021-04-23,englishman,martindale rd,co
989.001038745763,2021-04-23,englishman,martindale rd,co
989.001038745758,2021-04-23,englishman,martindale rd,co
989.001038745716,2021-04-23,englishman,martindale rd,co
989.001038745693,2021-04-23,englishman,martindale rd,co
989.001038745458,2021-04-23,englishman,center creek,co
989.001038745744,2021-04-23,englishman,martindale rd,co
989.001038745401,2021-04-23,englishman,center creek,co
989.001038745422,2021-04-23,englishman,center creek,co
989.001038745469,2021-04-23,englishman,center creek,co
989.001038745441,2021-04-23,englishman,center creek,co
989.001038745697,2021-04-23,englishman,martindale rd,co
989.001038745439,2021-04-23,englishman,center creek,co
989.001038745478,2021-04-23,englishman,center creek,co
989.001038745420,2021-04-23,englishman,center creek,co
989.001038745430,2021-04-23,englishman,center creek,co
989.001038745412,2021-04-23,englishman,center creek,co
989.001038745747,2021-04-23,englishman,martindale rd,co
989.001038745394,2021-04-23,englishman,center creek,co
989.001038745708,2021-04-23,englishman,martindale rd,co
989.001038745709,2021-04-23,englishman,martindale rd,co
989.001038745710,2021-04-23,englishman,martindale rd,co
989.001038745395,2021-04-23,englishman,center creek,co
989.001038745410,2021-04-23,englishman,center creek,co
989.001038745726,2021-04-23,englishman,martindale rd,co
989.001038745427,2021-04-23,englishman,center creek,co
989.001038745435,2021-04-23,englishman,center creek,co
989.001038745407,2021-04-23,englishman,center creek,co
989.001038745787,2021-04-23,englishman,martindale rd,co
989.001038745701,2021-04-23,englishman,martindale rd,co
989.001038745746,2021-04-23,englishman,martindale rd,co
989.001038745764,2021-04-23,englishman,martindale rd,co
989.001038745419,2021-04-23,englishman,center creek,co
989.001038745783,2021-04-23,englishman,martindale rd,co
989.001038745718,2021-04-23,englishman,martindale rd,ct
989.001038745727,2021-04-23,englishman,martindale rd,co
989.001038745784,2021-04-23,englishman,martindale rd,co
989.001038745712,2021-04-23,englishman,martindale rd,co
989.001038745752,2021-04-23,englishman,martindale rd,co
989.001038745753,2021-04-23,englishman,martindale rd,co
989.001038745713,2021-04-23,englishman,martindale rd,co
989.001038745785,2021-04-23,englishman,martindale rd,co
989.001038745780,2021-04-23,englishman,martindale rd,co
989.001038745771,2021-04-23,englishman,martindale rd,co
989.001038745457,2021-04-23,englishman,center creek,rbt
989.001038745738,2021-04-23,englishman,martindale rd,co
989.001038745776,2021-04-23,englishman,martindale rd,co
989.001038745775,2021-04-23,englishman,martindale rd,ct
989.001038745743,2021-04-23,englishman,martindale rd,co
989.001038745699,2021-04-23,englishman,martindale rd,co
989.001038745735,2021-04-23,englishman,martindale rd,co
989.001038745417,2021-04-23,englishman,center creek,co
989.001038745429,2021-04-23,englishman,center creek,co
989.001038745482,2021-04-23,englishman,center creek,co
989.001038745440,2021-04-23,englishman,center creek,co
989.001038745736,2021-04-23,englishman,martindale rd,co
989.001038745472,2021-04-23,englishman,center creek,co
989.001038745762,2021-04-23,englishman,martindale rd,co
989.001038745769,2021-04-23,englishman,martindale rd,co
989.001038745476,2021-04-23,englishman,center creek,co
989.001038745483,2021-04-23,englishman,center creek,rbt
989.001038745455,2021-04-23,englishman,center creek,rbt
989.001038745767,2021-04-23,englishman,martindale rd,co
989.001038745740,2021-04-23,englishman,martindale rd,co
989.001038745399,2021-04-23,englishman,center creek,ct
989.001038745416,2021-04-23,englishman,center creek,co
989.001038745451,2021-04-23,englishman,center creek,rbt
989.001038745421,2021-04-23,englishman,center creek,rbt
989.001038745700,2021-04-23,englishman,martindale rd,co
989.001038745690,2021-04-23,englishman,martindale rd,co
989.001038745443,2021-04-23,englishman,center creek,rbt
989.001038745391,2021-04-23,englishman,center creek,co
989.001038745400,2021-04-23,englishman,center creek,rbt
989.001038745426,2021-04-23,englishman,center creek,ct
989.001038745473,2021-04-23,englishman,center creek,co
989.001038745467,2021-04-23,englishman,center creek,ct
989.001038745425,2021-04-23,englishman,center creek,ct
989.001038745406,2021-04-23,englishman,center creek,rbt
989.001038745442,2021-04-23,englishman,center creek,rbt
989.001038745446,2021-04-23,englishman,center creek,co
989.001038745449,2021-04-23,englishman,center creek,rbt
989.001038745437,2021-04-23,englishman,center creek,co
989.001038745452,2021-04-23,englishman,center creek,co
989.001038745475,2021-04-23,englishman,center creek,co
989.001038745404,2021-04-23,englishman,center creek,co
989.001038745432,2021-04-23,englishman,center creek,co
989.001038745402,2021-04-23,englishman,center creek,co
989.001038745462,2021-04-23,englishman,center creek,co
989.001038745456,2021-04-23,englishman,center creek,co
989.001038745434,2021-04-23,englishman,center creek,rbt
989.001038745390,2021-04-23,englishman,center creek,rbt
989.001038745453,2021-04-23,englishman,center creek,rbt
989.001038745748,2021-04-23,englishman,martindale rd,co
989.001038745409,2021-04-23,englishman,center creek,co
989.001039379463,2021-04-24,campbell river,hatchery fence,stl
989.001039379446,2021-04-25,campbell river,hatchery fence,stl
989.001038869378,2021-04-26,black creek,sturgess bridge rd,co
989.001038870385,2021-04-26,black creek,sturgess bridge rd,co
989.001038869377,2021-04-26,black creek,sturgess bridge rd,co
989.001038869368,2021-04-26,black creek,sturgess bridge rd,co
989.001038746462,2021-04-26,englishman,martindale rd,co
989.001038746423,2021-04-26,englishman,martindale rd,co
989.001038869870,2021-04-26,black creek,sturgess bridge rd,co
989.001038870344,2021-04-26,black creek,sturgess bridge rd,co
989.001038869360,2021-04-26,black creek,sturgess bridge rd,co
989.001038746414,2021-04-26,englishman,martindale rd,co
989.001038869841,2021-04-26,black creek,sturgess bridge rd,co
989.001038870362,2021-04-26,black creek,sturgess bridge rd,co
989.001038745663,2021-04-26,englishman,martindale rd,co
989.001038744796,2021-04-26,englishman,center creek,co
989.001038870414,2021-04-26,black creek,sturgess bridge rd,co
989.001038870388,2021-04-26,black creek,sturgess bridge rd,co
989.001038870334,2021-04-26,black creek,sturgess bridge rd,co
989.001038869388,2021-04-26,black creek,sturgess bridge rd,co
989.001038746440,2021-04-26,englishman,martindale rd,co
989.001038869913,2021-04-26,black creek,sturgess bridge rd,co
989.001038870395,2021-04-26,black creek,sturgess bridge rd,co
989.001039379491,2021-04-26,campbell river,hatchery fence,stl
989.001038869362,2021-04-26,black creek,sturgess bridge rd,co
989.001038869329,2021-04-26,black creek,sturgess bridge rd,co
989.001038870349,2021-04-26,black creek,sturgess bridge rd,co
989.001038746424,2021-04-26,englishman,martindale rd,co
989.001038746396,2021-04-26,englishman,martindale rd,co
989.001038745668,2021-04-26,englishman,martindale rd,co
989.001038745638,2021-04-26,englishman,martindale rd,co
989.001038870353,2021-04-26,black creek,sturgess bridge rd,co
989.001038870394,2021-04-26,black creek,sturgess bridge rd,co
989.001038870356,2021-04-26,black creek,sturgess bridge rd,co
989.001038745658,2021-04-26,englishman,martindale rd,co
989.001038745685,2021-04-26,englishman,martindale rd,co
989.001038870419,2021-04-26,black creek,sturgess bridge rd,co
989.001038746454,2021-04-26,englishman,martindale rd,co
989.001038869917,2021-04-26,black creek,sturgess bridge rd,co
989.001038869355,2021-04-26,black creek,sturgess bridge rd,co
989.001038869385,2021-04-26,black creek,sturgess bridge rd,co
989.001038746463,2021-04-26,englishman,martindale rd,co
989.001038745672,2021-04-26,englishman,martindale rd,co
989.001038870374,2021-04-26,black creek,sturgess bridge rd,co
989.001038870360,2021-04-26,black creek,sturgess bridge rd,co
989.001038869334,2021-04-26,black creek,sturgess bridge rd,co
989.001038869910,2021-04-26,black creek,sturgess bridge rd,ct
989.001038869331,2021-04-26,black creek,sturgess bridge rd,co
989.001038870346,2021-04-26,black creek,sturgess bridge rd,co
989.001038870354,2021-04-26,black creek,sturgess bridge rd,co
989.001038745652,2021-04-26,englishman,martindale rd,co
989.001038869347,2021-04-26,black creek,sturgess bridge rd,co
989.001038746419,2021-04-26,englishman,martindale rd,co
989.001038746428,2021-04-26,englishman,martindale rd,co
989.001038745640,2021-04-26,englishman,martindale rd,co
989.001038870357,2021-04-26,black creek,sturgess bridge rd,co
989.001038746469,2021-04-26,englishman,martindale rd,co
989.001038746446,2021-04-26,englishman,martindale rd,co
989.001038869423,2021-04-26,black creek,sturgess bridge rd,co
989.001038869372,2021-04-26,black creek,sturgess bridge rd,co
989.001038869856,2021-04-26,black creek,sturgess bridge rd,co
989.001038869339,2021-04-26,black creek,sturgess bridge rd,co
989.001038745590,2021-04-26,englishman,martindale rd,co
989.001038869376,2021-04-26,black creek,sturgess bridge rd,co
989.001038869419,2021-04-26,black creek,sturgess bridge rd,co
989.001038746491,2021-04-26,englishman,martindale rd,co
989.001038870387,2021-04-26,black creek,sturgess bridge rd,co
989.001038746481,2021-04-26,englishman,martindale rd,co
989.001038870406,2021-04-26,black creek,sturgess bridge rd,co
989.001038870371,2021-04-26,black creek,sturgess bridge rd,co
989.001038745678,2021-04-26,englishman,martindale rd,co
989.001038745648,2021-04-26,englishman,martindale rd,co
989.001038869343,2021-04-26,black creek,sturgess bridge rd,co
989.001038746425,2021-04-26,englishman,martindale rd,co
989.001038746418,2021-04-26,englishman,martindale rd,co
989.001038746406,2021-04-26,englishman,martindale rd,co
989.001038746458,2021-04-26,englishman,martindale rd,co
989.001038870413,2021-04-26,black creek,sturgess bridge rd,co
989.001038745626,2021-04-26,englishman,martindale rd,co
989.001038869415,2021-04-26,black creek,sturgess bridge rd,co
989.001038745613,2021-04-26,englishman,martindale rd,co
989.001038870340,2021-04-26,black creek,sturgess bridge rd,co
989.001038869898,2021-04-26,black creek,sturgess bridge rd,co
989.001038745657,2021-04-26,englishman,martindale rd,co
989.001038869356,2021-04-26,black creek,sturgess bridge rd,co
989.001038869842,2021-04-26,black creek,sturgess bridge rd,co
989.001038869830,2021-04-26,black creek,sturgess bridge rd,co
989.001038870411,2021-04-26,black creek,sturgess bridge rd,co
989.001038870347,2021-04-26,black creek,sturgess bridge rd,co
989.001038870343,2021-04-26,black creek,sturgess bridge rd,co
989.001038744883,2021-04-26,englishman,center creek,co
989.001038744874,2021-04-26,englishman,center creek,co
989.001038744858,2021-04-26,englishman,center creek,co
989.001038745677,2021-04-26,englishman,martindale rd,co
989.001038745601,2021-04-26,englishman,martindale rd,co
989.001038745676,2021-04-26,englishman,martindale rd,co
989.001038870348,2021-04-26,black creek,sturgess bridge rd,co
989.001038745655,2021-04-26,englishman,martindale rd,co
989.001038745659,2021-04-26,englishman,martindale rd,co
989.001038746473,2021-04-26,englishman,martindale rd,co
989.001039379440,2021-04-26,campbell river,hatchery fence,stl
989.001038869403,2021-04-26,black creek,sturgess bridge rd,co
989.001038870377,2021-04-26,black creek,sturgess bridge rd,co
989.001038870405,2021-04-26,black creek,sturgess bridge rd,co
989.001038870341,2021-04-26,black creek,sturgess bridge rd,co
989.001038745623,2021-04-26,englishman,martindale rd,co
989.001038745610,2021-04-26,englishman,martindale rd,co
989.001038745629,2021-04-26,englishman,martindale rd,co
989.001038746401,2021-04-26,englishman,martindale rd,co
989.001038745595,2021-04-26,englishman,martindale rd,co
989.001038745669,2021-04-26,englishman,martindale rd,co
989.001038745624,2021-04-26,englishman,martindale rd,co
989.001038746480,2021-04-26,englishman,martindale rd,co
989.001038746450,2021-04-26,englishman,martindale rd,co
989.001038870352,2021-04-26,black creek,sturgess bridge rd,co
989.001038869326,2021-04-26,black creek,sturgess bridge rd,co
989.001038870368,2021-04-26,black creek,sturgess bridge rd,co
989.001038870361,2021-04-26,black creek,sturgess bridge rd,co
989.001038870345,2021-04-26,black creek,sturgess bridge rd,co
989.001038746434,2021-04-26,englishman,martindale rd,co
989.001038870417,2021-04-26,black creek,sturgess bridge rd,co
989.001038870390,2021-04-26,black creek,sturgess bridge rd,co
989.001038745604,2021-04-26,englishman,martindale rd,co
989.001038870427,2021-04-26,black creek,sturgess bridge rd,co
989.001038745633,2021-04-26,englishman,martindale rd,co
989.001038870422,2021-04-26,black creek,sturgess bridge rd,co
989.001038869417,2021-04-26,black creek,sturgess bridge rd,co
989.001038745664,2021-04-26,englishman,martindale rd,co
989.001038746468,2021-04-26,englishman,martindale rd,co
989.001038746398,2021-04-26,englishman,martindale rd,co
989.001038869412,2021-04-26,black creek,sturgess bridge rd,co
989.001038869414,2021-04-26,black creek,sturgess bridge rd,co
989.001038869406,2021-04-26,black creek,sturgess bridge rd,co
989.001038869381,2021-04-26,black creek,sturgess bridge rd,co
989.001038869397,2021-04-26,black creek,sturgess bridge rd,co
989.001038869344,2021-04-26,black creek,sturgess bridge rd,co
989.001038869325,2021-04-26,black creek,sturgess bridge rd,co
989.001038869401,2021-04-26,black creek,sturgess bridge rd,co
989.001038869327,2021-04-26,black creek,sturgess bridge rd,co
989.001038870412,2021-04-26,black creek,sturgess bridge rd,co
989.001038869382,2021-04-26,black creek,sturgess bridge rd,co
989.001038869371,2021-04-26,black creek,sturgess bridge rd,co
989.001038869335,2021-04-26,black creek,sturgess bridge rd,co
989.001038746451,2021-04-26,englishman,martindale rd,co
989.001038746405,2021-04-26,englishman,martindale rd,co
989.001038869328,2021-04-26,black creek,sturgess bridge rd,co
989.001038746426,2021-04-26,englishman,martindale rd,co
989.001038744814,2021-04-26,englishman,center creek,co
989.001038869341,2021-04-26,black creek,sturgess bridge rd,co
989.001038869424,2021-04-26,black creek,sturgess bridge rd,co
989.001038870335,2021-04-26,black creek,sturgess bridge rd,co
989.001038746483,2021-04-26,englishman,martindale rd,co
989.001038870331,2021-04-26,black creek,sturgess bridge rd,co
989.001038870425,2021-04-26,black creek,sturgess bridge rd,co
989.001038870381,2021-04-26,black creek,sturgess bridge rd,co
989.001038870366,2021-04-26,black creek,sturgess bridge rd,co
989.001038870420,2021-04-26,black creek,sturgess bridge rd,co
989.001038870410,2021-04-26,black creek,sturgess bridge rd,co
989.001038870401,2021-04-26,black creek,sturgess bridge rd,co
989.001038870386,2021-04-26,black creek,sturgess bridge rd,co
989.001038870372,2021-04-26,black creek,sturgess bridge rd,co
989.001038870375,2021-04-26,black creek,sturgess bridge rd,co
989.001038870332,2021-04-26,black creek,sturgess bridge rd,co
989.001038870378,2021-04-26,black creek,sturgess bridge rd,co
989.001038870328,2021-04-26,black creek,sturgess bridge rd,co
989.001038870337,2021-04-26,black creek,sturgess bridge rd,co
989.001038869394,2021-04-26,black creek,sturgess bridge rd,co
989.001038870416,2021-04-26,black creek,sturgess bridge rd,co
989.001038745608,2021-04-26,englishman,martindale rd,co
989.001038745650,2021-04-26,englishman,martindale rd,co
989.001038745598,2021-04-26,englishman,martindale rd,co
989.001038870424,2021-04-26,black creek,sturgess bridge rd,co
989.001038870358,2021-04-26,black creek,sturgess bridge rd,co
989.001038745618,2021-04-26,englishman,martindale rd,co
989.001038870389,2021-04-26,black creek,sturgess bridge rd,co
989.001038745688,2021-04-26,englishman,martindale rd,co
989.001038745616,2021-04-26,englishman,martindale rd,co
989.001038745612,2021-04-26,englishman,martindale rd,co
989.001038746482,2021-04-26,englishman,martindale rd,co
989.001038746422,2021-04-26,englishman,martindale rd,co
989.001038746410,2021-04-26,englishman,martindale rd,co
989.001038746435,2021-04-26,englishman,martindale rd,co
989.001038746472,2021-04-26,englishman,martindale rd,co
989.001038745606,2021-04-26,englishman,martindale rd,co
989.001038870327,2021-04-26,black creek,sturgess bridge rd,co
989.001038746493,2021-04-26,englishman,martindale rd,co
989.001038746488,2021-04-26,englishman,martindale rd,co
989.001038869416,2021-04-26,black creek,sturgess bridge rd,co
989.001038870336,2021-04-26,black creek,sturgess bridge rd,co
989.001038870409,2021-04-26,black creek,sturgess bridge rd,co
989.001038745619,2021-04-26,englishman,martindale rd,co
989.001038746444,2021-04-26,englishman,martindale rd,co
989.001038869862,2021-04-26,black creek,sturgess bridge rd,co
989.001038869340,2021-04-26,black creek,sturgess bridge rd,co
989.001038869400,2021-04-26,black creek,sturgess bridge rd,co
989.001038744862,2021-04-26,englishman,center creek,co
989.001038869390,2021-04-26,black creek,sturgess bridge rd,co
989.001038869383,2021-04-26,black creek,sturgess bridge rd,co
989.001038870408,2021-04-26,black creek,sturgess bridge rd,co
989.001038745682,2021-04-26,englishman,martindale rd,co
989.001038870407,2021-04-26,black creek,sturgess bridge rd,co
989.001038745630,2021-04-26,englishman,martindale rd,co
989.001038744864,2021-04-26,englishman,center creek,co
989.001038744870,2021-04-26,englishman,center creek,co
989.001038744815,2021-04-26,englishman,center creek,co
989.001038744790,2021-04-26,englishman,center creek,co
989.001038869873,2021-04-26,black creek,sturgess bridge rd,co
989.001038745593,2021-04-26,englishman,martindale rd,co
989.001038744859,2021-04-26,englishman,center creek,rbt
989.001038744884,2021-04-26,englishman,center creek,co
989.001038869923,2021-04-26,black creek,sturgess bridge rd,co
989.001038869413,2021-04-26,black creek,sturgess bridge rd,co
989.001038869410,2021-04-26,black creek,sturgess bridge rd,co
989.001038870421,2021-04-26,black creek,sturgess bridge rd,co
989.001038745600,2021-04-26,englishman,martindale rd,co
989.001038746494,2021-04-26,englishman,martindale rd,co
989.001038746421,2021-04-26,englishman,martindale rd,co
989.001038745602,2021-04-26,englishman,martindale rd,co
989.001038744867,2021-04-26,englishman,center creek,co
989.001038869889,2021-04-26,black creek,sturgess bridge rd,co
989.001038869832,2021-04-26,black creek,sturgess bridge rd,co
989.001038869895,2021-04-26,black creek,sturgess bridge rd,co
989.001038869831,2021-04-26,black creek,sturgess bridge rd,co
989.001038870402,2021-04-26,black creek,sturgess bridge rd,co
989.001038746403,2021-04-26,englishman,martindale rd,co
989.001038746492,2021-04-26,englishman,martindale rd,co
989.001038746411,2021-04-26,englishman,martindale rd,co
989.001038746476,2021-04-26,englishman,martindale rd,co
989.001038746471,2021-04-26,englishman,martindale rd,co
989.001038746437,2021-04-26,englishman,martindale rd,co
989.001038869379,2021-04-26,black creek,sturgess bridge rd,co
989.001038744853,2021-04-26,englishman,center creek,co
989.001038745660,2021-04-26,englishman,martindale rd,co
989.001038745607,2021-04-26,englishman,martindale rd,co
989.001038869370,2021-04-26,black creek,sturgess bridge rd,co
989.001038744809,2021-04-26,englishman,center creek,co
989.001038746427,2021-04-26,englishman,martindale rd,co
989.001038744811,2021-04-26,englishman,center creek,co
989.001038744810,2021-04-26,englishman,center creek,co
989.001038869350,2021-04-26,black creek,sturgess bridge rd,co
989.001038869354,2021-04-26,black creek,sturgess bridge rd,co
989.001038744820,2021-04-26,englishman,center creek,co
989.001038869373,2021-04-26,black creek,sturgess bridge rd,co
989.001038745628,2021-04-26,englishman,martindale rd,co
989.001038744861,2021-04-26,englishman,center creek,rbt
989.001038744839,2021-04-26,englishman,center creek,rbt
989.001038744825,2021-04-26,englishman,center creek,rbt
989.001038869857,2021-04-26,black creek,sturgess bridge rd,co
989.001038869411,2021-04-26,black creek,sturgess bridge rd,co
989.001038869365,2021-04-26,black creek,sturgess bridge rd,co
989.001038870403,2021-04-26,black creek,sturgess bridge rd,co
989.001038744797,2021-04-26,englishman,center creek,co
989.001038869887,2021-04-26,black creek,sturgess bridge rd,co
989.001038744818,2021-04-26,englishman,center creek,rbt
989.001038744871,2021-04-26,englishman,center creek,co
989.001038869418,2021-04-26,black creek,sturgess bridge rd,co
989.001038744817,2021-04-26,englishman,center creek,rbt
989.001038746431,2021-04-26,englishman,martindale rd,co
989.001038869863,2021-04-26,black creek,sturgess bridge rd,co
989.001038744876,2021-04-26,englishman,center creek,rbt
989.001038744869,2021-04-26,englishman,center creek,co
989.001038744879,2021-04-26,englishman,center creek,rbt
989.001038869899,2021-04-26,black creek,sturgess bridge rd,co
989.001038870397,2021-04-26,black creek,sturgess bridge rd,co
989.001038869897,2021-04-26,black creek,sturgess bridge rd,co
989.001038744849,2021-04-26,englishman,center creek,co
989.001038744844,2021-04-26,englishman,center creek,rbt
989.001038869865,2021-04-26,black creek,sturgess bridge rd,co
989.001038870382,2021-04-26,black creek,sturgess bridge rd,co
989.001038744808,2021-04-26,englishman,center creek,co
989.001038870400,2021-04-26,black creek,sturgess bridge rd,co
989.001038869902,2021-04-26,black creek,sturgess bridge rd,co
989.001038745654,2021-04-26,englishman,martindale rd,co
989.001038744791,2021-04-26,englishman,center creek,rbt
989.001038744885,2021-04-26,englishman,center creek,co
989.001038870384,2021-04-26,black creek,sturgess bridge rd,co
989.001038745636,2021-04-26,englishman,martindale rd,co
989.001038744803,2021-04-26,englishman,center creek,co
989.001038744836,2021-04-26,englishman,center creek,co
989.001038869836,2021-04-26,black creek,sturgess bridge rd,co
989.001038745674,2021-04-26,englishman,martindale rd,co
989.001038869838,2021-04-26,black creek,sturgess bridge rd,co
989.001038869924,2021-04-26,black creek,sturgess bridge rd,co
989.001038870350,2021-04-26,black creek,sturgess bridge rd,co
989.001038870351,2021-04-26,black creek,sturgess bridge rd,co
989.001038745603,2021-04-26,englishman,martindale rd,co
989.001038744792,2021-04-26,englishman,center creek,co
989.001038869402,2021-04-26,black creek,sturgess bridge rd,co
989.001038870338,2021-04-26,black creek,sturgess bridge rd,co
989.001038744832,2021-04-26,englishman,center creek,co
989.001038745686,2021-04-26,englishman,martindale rd,co
989.001038745617,2021-04-26,englishman,martindale rd,co
989.001038869332,2021-04-26,black creek,sturgess bridge rd,co
989.001038745631,2021-04-26,englishman,martindale rd,co
989.001038745637,2021-04-26,englishman,martindale rd,co
989.001038745647,2021-04-26,englishman,martindale rd,co
989.001038745667,2021-04-26,englishman,martindale rd,co
989.001038869409,2021-04-26,black creek,sturgess bridge rd,co
989.001038744804,2021-04-26,englishman,center creek,co
989.001038745599,2021-04-26,englishman,martindale rd,co
989.001038745670,2021-04-26,englishman,martindale rd,co
989.001038745627,2021-04-26,englishman,martindale rd,co
989.001038745687,2021-04-26,englishman,martindale rd,co
989.001038745642,2021-04-26,englishman,martindale rd,co
989.001038745649,2021-04-26,englishman,martindale rd,co
989.001038745592,2021-04-26,englishman,martindale rd,co
989.001038869346,2021-04-26,black creek,sturgess bridge rd,co
989.001038745651,2021-04-26,englishman,martindale rd,co
989.001038745611,2021-04-26,englishman,martindale rd,co
989.001038745653,2021-04-26,englishman,martindale rd,co
989.001038745635,2021-04-26,englishman,martindale rd,co
989.001038745591,2021-04-26,englishman,martindale rd,co
989.001038746455,2021-04-26,englishman,martindale rd,co
989.001038745614,2021-04-26,englishman,martindale rd,co
989.001038745646,2021-04-26,englishman,martindale rd,co
989.001038745689,2021-04-26,englishman,martindale rd,co
989.001038746443,2021-04-26,englishman,martindale rd,co
989.001038746430,2021-04-26,englishman,martindale rd,co
989.001038746485,2021-04-26,englishman,martindale rd,co
989.001038746408,2021-04-26,englishman,martindale rd,co
989.001038746459,2021-04-26,englishman,martindale rd,co
989.001038746399,2021-04-26,englishman,martindale rd,co
989.001038746465,2021-04-26,englishman,martindale rd,co
989.001038746460,2021-04-26,englishman,martindale rd,co
989.001038746447,2021-04-26,englishman,martindale rd,co
989.001038746457,2021-04-26,englishman,martindale rd,co
989.001038745731,2021-04-26,englishman,martindale rd,co
989.001038746445,2021-04-26,englishman,martindale rd,co
989.001038746417,2021-04-26,englishman,martindale rd,co
989.001038745605,2021-04-26,englishman,martindale rd,co
989.001038746400,2021-04-26,englishman,martindale rd,co
989.001038746404,2021-04-26,englishman,martindale rd,co
989.001038869363,2021-04-26,black creek,sturgess bridge rd,co
989.001038869901,2021-04-26,black creek,sturgess bridge rd,co
989.001038869389,2021-04-26,black creek,sturgess bridge rd,co
989.001038746397,2021-04-26,englishman,martindale rd,rbt
989.001038869398,2021-04-26,black creek,sturgess bridge rd,co
989.001038744863,2021-04-26,englishman,center creek,co
989.001038869879,2021-04-26,black creek,sturgess bridge rd,co
989.001038869855,2021-04-26,black creek,sturgess bridge rd,ct
989.001038870423,2021-04-26,black creek,sturgess bridge rd,co
989.001038744856,2021-04-26,englishman,center creek,rbt
989.001038869839,2021-04-26,black creek,sturgess bridge rd,co
989.001038870355,2021-04-26,black creek,sturgess bridge rd,co
989.001038870399,2021-04-26,black creek,sturgess bridge rd,co
,2021-04-26,black creek,sturgess bridge rd,co
989.001038870339,2021-04-26,black creek,sturgess bridge rd,co
989.001038869336,2021-04-26,black creek,sturgess bridge rd,co
989.001038870380,2021-04-26,black creek,sturgess bridge rd,co
989.001038870404,2021-04-26,black creek,sturgess bridge rd,co
989.001038744821,2021-04-26,englishman,center creek,rbt
989.001038869393,2021-04-26,black creek,sturgess bridge rd,co
989.001038869348,2021-04-26,black creek,sturgess bridge rd,co
989.001038869353,2021-04-26,black creek,sturgess bridge rd,co
989.001038869407,2021-04-26,black creek,sturgess bridge rd,co
989.001038869374,2021-04-26,black creek,sturgess bridge rd,co
989.001038870364,2021-04-26,black creek,sturgess bridge rd,co
989.001038745615,2021-04-26,englishman,martindale rd,co
989.001038746453,2021-04-26,englishman,martindale rd,rbt
989.001038744831,2021-04-26,englishman,center creek,co
989.001038869386,2021-04-26,black creek,sturgess bridge rd,co
989.001038869342,2021-04-26,black creek,sturgess bridge rd,co
989.001038745641,2021-04-26,englishman,martindale rd,co
989.001038746413,2021-04-26,englishman,martindale rd,co
989.001038869914,2021-04-26,black creek,sturgess bridge rd,co
989.001038870376,2021-04-26,black creek,sturgess bridge rd,co
989.001038870383,2021-04-26,black creek,sturgess bridge rd,co
989.001038745622,2021-04-26,englishman,martindale rd,co
989.001038870365,2021-04-26,black creek,sturgess bridge rd,co
989.001038870393,2021-04-26,black creek,sturgess bridge rd,co
989.001038870396,2021-04-26,black creek,sturgess bridge rd,co
989.001038870398,2021-04-26,black creek,sturgess bridge rd,co
989.001038870370,2021-04-26,black creek,sturgess bridge rd,co
989.001038870373,2021-04-26,black creek,sturgess bridge rd,co
989.001038869847,2021-04-26,black creek,sturgess bridge rd,co
989.001038869892,2021-04-26,black creek,sturgess bridge rd,co
989.001038744787,2021-04-26,englishman,center creek,stl
989.001038744785,2021-04-26,englishman,center creek,stl
989.001038870****,2021-04-26,black creek,sturgess bridge rd,co
989.001038870369,2021-04-26,black creek,sturgess bridge rd,co
989.001038870367,2021-04-26,black creek,sturgess bridge rd,co
989.001038746484,2021-04-26,englishman,martindale rd,co
989.001038746448,2021-04-26,englishman,martindale rd,co
989.001038746478,2021-04-26,englishman,martindale rd,co
989.001038745665,2021-04-26,englishman,martindale rd,co
989.001038745609,2021-04-26,englishman,martindale rd,co
989.001038745661,2021-04-26,englishman,martindale rd,co
989.001038869854,2021-04-26,black creek,sturgess bridge rd,co
989.001038744854,2021-04-26,englishman,center creek,rbt
989.001038744827,2021-04-26,englishman,center creek,stl
989.001038870330,2021-04-26,black creek,sturgess bridge rd,co
989.001038746432,2021-04-26,englishman,martindale rd,co
989.001038745625,2021-04-26,englishman,martindale rd,co
989.001038869919,2021-04-26,black creek,sturgess bridge rd,co
989.001038745673,2021-04-26,englishman,martindale rd,co
989.001038869420,2021-04-26,black creek,sturgess bridge rd,co
989.001038744826,2021-04-26,englishman,center creek,stl
989.001038744875,2021-04-26,englishman,center creek,stl
989.001038744877,2021-04-26,englishman,center creek,stl
989.001038745594,2021-04-26,englishman,martindale rd,co
989.001038869908,2021-04-26,black creek,sturgess bridge rd,co
989.001038745596,2021-04-26,englishman,martindale rd,co
989.001038869833,2021-04-26,black creek,sturgess bridge rd,co
989.001038870333,2021-04-26,black creek,sturgess bridge rd,co
989.001038869886,2021-04-26,black creek,sturgess bridge rd,co
989.001038745684,2021-04-26,englishman,martindale rd,co
989.001038869882,2021-04-26,black creek,sturgess bridge rd,co
989.001038746479,2021-04-26,englishman,martindale rd,co
989.001038869338,2021-04-26,black creek,sturgess bridge rd,co
989.001038869868,2021-04-26,black creek,sturgess bridge rd,co
989.001038745675,2021-04-26,englishman,martindale rd,co
989.001038870418,2021-04-26,black creek,sturgess bridge rd,co
989.001038869918,2021-04-26,black creek,sturgess bridge rd,co
989.001038870392,2021-04-26,black creek,sturgess bridge rd,co
989.001038746467,2021-04-26,englishman,martindale rd,co
989.001038869877,2021-04-26,black creek,sturgess bridge rd,co
989.001038746429,2021-04-26,englishman,martindale rd,co
989.001038869422,2021-04-26,black creek,sturgess bridge rd,co
989.001038869880,2021-04-26,black creek,sturgess bridge rd,co
989.001038869844,2021-04-26,black creek,sturgess bridge rd,co
989.001038746456,2021-04-26,englishman,martindale rd,co
989.001038869866,2021-04-26,black creek,sturgess bridge rd,co
989.001038869881,2021-04-26,black creek,sturgess bridge rd,co
989.001038744833,2021-04-26,englishman,center creek,stl
989.001038744882,2021-04-26,englishman,center creek,stl
989.001038869404,2021-04-26,black creek,sturgess bridge rd,co
989.001038869843,2021-04-26,black creek,sturgess bridge rd,co
989.001038870391,2021-04-26,black creek,sturgess bridge rd,co
989.001038744786,2021-04-26,englishman,center creek,stl
989.001038869906,2021-04-26,black creek,sturgess bridge rd,co
989.001038869911,2021-04-26,black creek,sturgess bridge rd,co
989.001038746416,2021-04-26,englishman,martindale rd,co
989.001038746474,2021-04-26,englishman,martindale rd,co
989.001038745639,2021-04-26,englishman,martindale rd,co
989.001038746449,2021-04-26,englishman,martindale rd,co
989.001038869893,2021-04-26,black creek,sturgess bridge rd,co
989.001038746439,2021-04-26,englishman,martindale rd,co
989.001038869912,2021-04-26,black creek,sturgess bridge rd,co
989.001038869884,2021-04-26,black creek,sturgess bridge rd,co
989.001038869357,2021-04-26,black creek,sturgess bridge rd,co
989.001038869905,2021-04-26,black creek,sturgess bridge rd,co
989.001038869395,2021-04-26,black creek,sturgess bridge rd,co
989.001038746470,2021-04-26,englishman,martindale rd,co
989.001038746407,2021-04-26,englishman,martindale rd,co
989.001038869392,2021-04-26,black creek,sturgess bridge rd,co
989.001038745666,2021-04-26,englishman,martindale rd,co
989.001038745656,2021-04-26,englishman,martindale rd,co
989.001038746420,2021-04-26,englishman,martindale rd,co
989.001038745645,2021-04-26,englishman,martindale rd,co
989.001038745662,2021-04-26,englishman,martindale rd,co
989.001038869869,2021-04-26,black creek,sturgess bridge rd,co
989.001038745597,2021-04-26,englishman,martindale rd,co
989.001038869861,2021-04-26,black creek,sturgess bridge rd,co
989.001038869408,2021-04-26,black creek,sturgess bridge rd,co
989.001038869848,2021-04-26,black creek,sturgess bridge rd,co
989.001038869361,2021-04-26,black creek,sturgess bridge rd,co
989.001038869852,2021-04-26,black creek,sturgess bridge rd,co
989.001038869349,2021-04-26,black creek,sturgess bridge rd,co
989.001038869351,2021-04-26,black creek,sturgess bridge rd,co
989.001038869367,2021-04-26,black creek,sturgess bridge rd,co
989.001038869387,2021-04-26,black creek,sturgess bridge rd,co
989.001038869380,2021-04-26,black creek,sturgess bridge rd,co
989.001038745632,2021-04-26,englishman,martindale rd,co
989.001038745671,2021-04-26,englishman,martindale rd,co
989.001038745705,2021-04-26,englishman,martindale rd,co
989.001038746409,2021-04-26,englishman,martindale rd,co
989.001038869864,2021-04-26,black creek,sturgess bridge rd,co
989.001038869900,2021-04-26,black creek,sturgess bridge rd,co
989.001038746464,2021-04-26,englishman,martindale rd,co
989.001038745620,2021-04-26,englishman,martindale rd,co
989.001038745634,2021-04-26,englishman,martindale rd,co
989.001038745621,2021-04-26,englishman,martindale rd,co
989.001038746402,2021-04-26,englishman,martindale rd,co
989.001038746452,2021-04-26,englishman,martindale rd,co
989.001038869352,2021-04-26,black creek,sturgess bridge rd,co
989.001038746438,2021-04-26,englishman,martindale rd,co
989.001038869920,2021-04-26,black creek,sturgess bridge rd,co
989.001038746441,2021-04-26,englishman,martindale rd,co
989.001038745680,2021-04-26,englishman,martindale rd,co
989.001038745679,2021-04-26,englishman,martindale rd,co
989.001038746466,2021-04-26,englishman,martindale rd,co
989.001038869846,2021-04-26,black creek,sturgess bridge rd,co
989.001038745643,2021-04-26,englishman,martindale rd,co
989.001038746490,2021-04-26,englishman,martindale rd,co
989.001038746433,2021-04-26,englishman,martindale rd,co
989.001038746415,2021-04-26,englishman,martindale rd,co
989.001038869875,2021-04-26,black creek,sturgess bridge rd,co
989.001038869851,2021-04-26,black creek,sturgess bridge rd,co
989.001038746495,2021-04-26,englishman,martindale rd,co
989.001038746436,2021-04-26,englishman,martindale rd,co
989.001038869375,2021-04-26,black creek,sturgess bridge rd,co
989.001038745644,2021-04-26,englishman,martindale rd,co
989.001038745683,2021-04-26,englishman,martindale rd,co
989.001038746489,2021-04-26,englishman,martindale rd,co
989.001038746442,2021-04-26,englishman,martindale rd,co
989.001038746412,2021-04-26,englishman,martindale rd,co
989.001038746487,2021-04-26,englishman,martindale rd,co
989.001038746486,2021-04-26,englishman,martindale rd,co
989.001038746475,2021-04-26,englishman,martindale rd,co
989.001038746461,2021-04-26,englishman,martindale rd,co
989.001038746477,2021-04-26,englishman,martindale rd,co
989.001038869391,2021-04-26,black creek,sturgess bridge rd,co
989.001038870329,2021-04-26,black creek,sturgess bridge rd,co
989.001038869903,2021-04-26,black creek,sturgess bridge rd,co
989.001038745681,2021-04-26,englishman,martindale rd,co
989.001038870426,2021-04-26,black creek,sturgess bridge rd,co
989.001038869859,2021-04-26,black creek,sturgess bridge rd,co
989.001038869888,2021-04-26,black creek,sturgess bridge rd,co
